{
    "RPT": {
        "ScanTime": "0.17 seg.",
        "ScanFile": "20250424_notanothertrip_27e3009774a3fab51379_20250424083339_scan.json",
        "Warnings": 0,
        "Success": 6
    },
    "SRV": {
        "PHP": {
            "websrv": true,
            "openbase": true,
            "maxtime": true,
            "mysqli": true,
            "version": true
        },
        "SYS": {
            "managedHost": true,
            "ALL": "Good"
        },
        "WP": {
            "version": true,
            "core": true,
            "ismu": false,
            "ALL": "Good"
        }
    },
    "ARC": {
        "USize": 0,
        "Size": "0B",
        "DirCount": "0",
        "FileCount": "0",
        "UFullCount": 0,
        "FullCount": "0",
        "WarnFileCount": 0,
        "WarnDirCount": 0,
        "UnreadableDirCount": 0,
        "UnreadableFileCount": 0,
        "FilterDirsAll": [
            "\/Users\/andreamurillo\/Local Sites\/not-another-trip\/app\/public\/.opcache",
            "\/Users\/andreamurillo\/Local Sites\/not-another-trip\/app\/public\/wp-content\/ai1wm-backups",
            "\/Users\/andreamurillo\/Local Sites\/not-another-trip\/app\/public\/wp-content\/backups-dup-lite",
            "\/Users\/andreamurillo\/Local Sites\/not-another-trip\/app\/public\/wp-content\/backups-dup-pro",
            "\/Users\/andreamurillo\/Local Sites\/not-another-trip\/app\/public\/wp-content\/backupwordpress",
            "\/Users\/andreamurillo\/Local Sites\/not-another-trip\/app\/public\/wp-content\/bps-backup",
            "\/Users\/andreamurillo\/Local Sites\/not-another-trip\/app\/public\/wp-content\/cache",
            "\/Users\/andreamurillo\/Local Sites\/not-another-trip\/app\/public\/wp-content\/content\/cache",
            "\/Users\/andreamurillo\/Local Sites\/not-another-trip\/app\/public\/wp-content\/contents\/cache",
            "\/Users\/andreamurillo\/Local Sites\/not-another-trip\/app\/public\/wp-content\/infinitewp\/backups",
            "\/Users\/andreamurillo\/Local Sites\/not-another-trip\/app\/public\/wp-content\/managewp\/backups",
            "\/Users\/andreamurillo\/Local Sites\/not-another-trip\/app\/public\/wp-content\/old-cache",
            "\/Users\/andreamurillo\/Local Sites\/not-another-trip\/app\/public\/wp-content\/plugins\/all-in-one-wp-migration\/storage",
            "\/Users\/andreamurillo\/Local Sites\/not-another-trip\/app\/public\/wp-content\/updraft",
            "\/Users\/andreamurillo\/Local Sites\/not-another-trip\/app\/public\/wp-content\/uploads\/aiowps_backups",
            "\/Users\/andreamurillo\/Local Sites\/not-another-trip\/app\/public\/wp-content\/uploads\/backupbuddy_backups",
            "\/Users\/andreamurillo\/Local Sites\/not-another-trip\/app\/public\/wp-content\/uploads\/backupbuddy_temp",
            "\/Users\/andreamurillo\/Local Sites\/not-another-trip\/app\/public\/wp-content\/uploads\/ithemes-security\/backups",
            "\/Users\/andreamurillo\/Local Sites\/not-another-trip\/app\/public\/wp-content\/uploads\/mainwp\/backup",
            "\/Users\/andreamurillo\/Local Sites\/not-another-trip\/app\/public\/wp-content\/uploads\/pb_backupbuddy",
            "\/Users\/andreamurillo\/Local Sites\/not-another-trip\/app\/public\/wp-content\/uploads\/snapshots",
            "\/Users\/andreamurillo\/Local Sites\/not-another-trip\/app\/public\/wp-content\/uploads\/sucuri",
            "\/Users\/andreamurillo\/Local Sites\/not-another-trip\/app\/public\/wp-content\/uploads\/wp-clone",
            "\/Users\/andreamurillo\/Local Sites\/not-another-trip\/app\/public\/wp-content\/uploads\/wp_all_backup",
            "\/Users\/andreamurillo\/Local Sites\/not-another-trip\/app\/public\/wp-content\/uploads\/wpbackitup_backups",
            "\/Users\/andreamurillo\/Local Sites\/not-another-trip\/app\/public\/wp-content\/wfcache",
            "\/Users\/andreamurillo\/Local Sites\/not-another-trip\/app\/public\/wp-content\/wishlist-backup",
            "\/Users\/andreamurillo\/Local Sites\/not-another-trip\/app\/public\/wp-snapshots"
        ],
        "FilterFilesAll": [
            "error_log",
            "error.log",
            "debug_log",
            "ws_ftp.log",
            "dbcache",
            "pgcache",
            "objectcache",
            ".DS_Store",
            "\/Users\/andreamurillo\/Local Sites\/not-another-trip\/app\/public\/.htaccess",
            "\/Users\/andreamurillo\/Local Sites\/not-another-trip\/app\/public\/wp-config.php",
            "\/Users\/andreamurillo\/Local Sites\/not-another-trip\/app\/public\/.htaccess",
            "\/Users\/andreamurillo\/Local Sites\/not-another-trip\/app\/public\/web.config",
            "\/Users\/andreamurillo\/Local Sites\/not-another-trip\/app\/public\/wp-config.php"
        ],
        "FilterExtsAll": [],
        "FilterInfo": {
            "Dirs": {
                "Core": [
                    "\/Users\/andreamurillo\/Local Sites\/not-another-trip\/app\/public\/wp-snapshots",
                    "\/Users\/andreamurillo\/Local Sites\/not-another-trip\/app\/public\/wp-content\/backups-dup-lite",
                    "\/Users\/andreamurillo\/Local Sites\/not-another-trip\/app\/public\/.opcache",
                    "\/Users\/andreamurillo\/Local Sites\/not-another-trip\/app\/public\/wp-content\/backups-dup-pro",
                    "\/Users\/andreamurillo\/Local Sites\/not-another-trip\/app\/public\/wp-content\/ai1wm-backups",
                    "\/Users\/andreamurillo\/Local Sites\/not-another-trip\/app\/public\/wp-content\/backupwordpress",
                    "\/Users\/andreamurillo\/Local Sites\/not-another-trip\/app\/public\/wp-content\/content\/cache",
                    "\/Users\/andreamurillo\/Local Sites\/not-another-trip\/app\/public\/wp-content\/contents\/cache",
                    "\/Users\/andreamurillo\/Local Sites\/not-another-trip\/app\/public\/wp-content\/infinitewp\/backups",
                    "\/Users\/andreamurillo\/Local Sites\/not-another-trip\/app\/public\/wp-content\/managewp\/backups",
                    "\/Users\/andreamurillo\/Local Sites\/not-another-trip\/app\/public\/wp-content\/old-cache",
                    "\/Users\/andreamurillo\/Local Sites\/not-another-trip\/app\/public\/wp-content\/plugins\/all-in-one-wp-migration\/storage",
                    "\/Users\/andreamurillo\/Local Sites\/not-another-trip\/app\/public\/wp-content\/updraft",
                    "\/Users\/andreamurillo\/Local Sites\/not-another-trip\/app\/public\/wp-content\/wishlist-backup",
                    "\/Users\/andreamurillo\/Local Sites\/not-another-trip\/app\/public\/wp-content\/wfcache",
                    "\/Users\/andreamurillo\/Local Sites\/not-another-trip\/app\/public\/wp-content\/bps-backup",
                    "\/Users\/andreamurillo\/Local Sites\/not-another-trip\/app\/public\/wp-content\/cache",
                    "\/Users\/andreamurillo\/Local Sites\/not-another-trip\/app\/public\/wp-content\/uploads\/aiowps_backups",
                    "\/Users\/andreamurillo\/Local Sites\/not-another-trip\/app\/public\/wp-content\/uploads\/backupbuddy_temp",
                    "\/Users\/andreamurillo\/Local Sites\/not-another-trip\/app\/public\/wp-content\/uploads\/backupbuddy_backups",
                    "\/Users\/andreamurillo\/Local Sites\/not-another-trip\/app\/public\/wp-content\/uploads\/ithemes-security\/backups",
                    "\/Users\/andreamurillo\/Local Sites\/not-another-trip\/app\/public\/wp-content\/uploads\/mainwp\/backup",
                    "\/Users\/andreamurillo\/Local Sites\/not-another-trip\/app\/public\/wp-content\/uploads\/pb_backupbuddy",
                    "\/Users\/andreamurillo\/Local Sites\/not-another-trip\/app\/public\/wp-content\/uploads\/snapshots",
                    "\/Users\/andreamurillo\/Local Sites\/not-another-trip\/app\/public\/wp-content\/uploads\/sucuri",
                    "\/Users\/andreamurillo\/Local Sites\/not-another-trip\/app\/public\/wp-content\/uploads\/wp-clone",
                    "\/Users\/andreamurillo\/Local Sites\/not-another-trip\/app\/public\/wp-content\/uploads\/wp_all_backup",
                    "\/Users\/andreamurillo\/Local Sites\/not-another-trip\/app\/public\/wp-content\/uploads\/wpbackitup_backups"
                ],
                "Global": [],
                "Instance": [],
                "Warning": [],
                "Unreadable": [],
                "AddonSites": []
            },
            "Files": {
                "Core": [],
                "Global": [
                    "error_log",
                    "error.log",
                    "debug_log",
                    "ws_ftp.log",
                    "dbcache",
                    "pgcache",
                    "objectcache",
                    ".DS_Store",
                    "\/Users\/andreamurillo\/Local Sites\/not-another-trip\/app\/public\/.htaccess",
                    "\/Users\/andreamurillo\/Local Sites\/not-another-trip\/app\/public\/wp-config.php"
                ],
                "Instance": [],
                "Warning": [],
                "Unreadable": [],
                "AddonSites": [],
                "Size": []
            },
            "Exts": {
                "Core": [],
                "Global": [],
                "Instance": []
            },
            "UDirCount": 0,
            "UFileCount": 0,
            "UExtCount": 0,
            "TreeSize": [],
            "TreeWarning": []
        },
        "RecursiveLinks": [],
        "UnreadableItems": [],
        "Status": {
            "Size": "Good",
            "Names": "Good",
            "UnreadableItems": "Good",
            "MigratePackage": "Good",
            "CanbeMigratePackage": true,
            "showCreateProcFuncStatus": "Good",
            "showCreateProcFunc": true,
            "AddonSites": "Good"
        },
        "Dirs": [],
        "Files": []
    },
    "DB": {
        "Status": {
            "Success": true,
            "DB_Case": "Good",
            "DB_Rows": "Good",
            "DB_Size": "Good",
            "TBL_Case": "Good",
            "TBL_Rows": "Good",
            "TBL_Size": "Good",
            "Triggers": "Good",
            "mysqlDumpMemoryCheck": true,
            "requiredMysqlDumpLimit": "65.34MB"
        },
        "Size": 16089088,
        "Rows": 2549,
        "TableCount": 63,
        "TableList": {
            "wp_actionscheduler_actions": {
                "Case": 0,
                "Rows": "80",
                "Size": "160KB",
                "USize": "163840"
            },
            "wp_actionscheduler_claims": {
                "Case": 0,
                "Rows": "0",
                "Size": "32KB",
                "USize": "32768"
            },
            "wp_actionscheduler_groups": {
                "Case": 0,
                "Rows": "5",
                "Size": "32KB",
                "USize": "32768"
            },
            "wp_actionscheduler_logs": {
                "Case": 0,
                "Rows": "228",
                "Size": "80KB",
                "USize": "81920"
            },
            "wp_cky_banners": {
                "Case": 0,
                "Rows": "2",
                "Size": "48KB",
                "USize": "49152"
            },
            "wp_cky_cookie_categories": {
                "Case": 0,
                "Rows": "5",
                "Size": "32KB",
                "USize": "32768"
            },
            "wp_cky_cookies": {
                "Case": 0,
                "Rows": "0",
                "Size": "16KB",
                "USize": "16384"
            },
            "wp_commentmeta": {
                "Case": 0,
                "Rows": "0",
                "Size": "48KB",
                "USize": "49152"
            },
            "wp_comments": {
                "Case": 0,
                "Rows": "0",
                "Size": "96KB",
                "USize": "98304"
            },
            "wp_duplicator_packages": {
                "Case": 0,
                "Rows": "0",
                "Size": "32KB",
                "USize": "32768"
            },
            "wp_e_events": {
                "Case": 0,
                "Rows": "2",
                "Size": "32KB",
                "USize": "32768"
            },
            "wp_links": {
                "Case": 0,
                "Rows": "0",
                "Size": "32KB",
                "USize": "32768"
            },
            "wp_masterslider_options": {
                "Case": 0,
                "Rows": "2",
                "Size": "32KB",
                "USize": "32768"
            },
            "wp_masterslider_sliders": {
                "Case": 0,
                "Rows": "1",
                "Size": "32KB",
                "USize": "32768"
            },
            "wp_nextend2_image_storage": {
                "Case": 0,
                "Rows": "11",
                "Size": "32KB",
                "USize": "32768"
            },
            "wp_nextend2_section_storage": {
                "Case": 0,
                "Rows": "8",
                "Size": "160KB",
                "USize": "163840"
            },
            "wp_nextend2_smartslider3_generators": {
                "Case": 0,
                "Rows": "0",
                "Size": "16KB",
                "USize": "16384"
            },
            "wp_nextend2_smartslider3_sliders": {
                "Case": 0,
                "Rows": "1",
                "Size": "48KB",
                "USize": "49152"
            },
            "wp_nextend2_smartslider3_sliders_xref": {
                "Case": 0,
                "Rows": "1",
                "Size": "32KB",
                "USize": "32768"
            },
            "wp_nextend2_smartslider3_slides": {
                "Case": 0,
                "Rows": "8",
                "Size": "272KB",
                "USize": "278528"
            },
            "wp_options": {
                "Case": 0,
                "Rows": "644",
                "Size": "8.16MB",
                "USize": "8552448"
            },
            "wp_postmeta": {
                "Case": 0,
                "Rows": "803",
                "Size": "1.59MB",
                "USize": "1671168"
            },
            "wp_posts": {
                "Case": 0,
                "Rows": "447",
                "Size": "2.44MB",
                "USize": "2555904"
            },
            "wp_term_relationships": {
                "Case": 0,
                "Rows": "51",
                "Size": "32KB",
                "USize": "32768"
            },
            "wp_term_taxonomy": {
                "Case": 0,
                "Rows": "23",
                "Size": "48KB",
                "USize": "49152"
            },
            "wp_termmeta": {
                "Case": 0,
                "Rows": "0",
                "Size": "48KB",
                "USize": "49152"
            },
            "wp_terms": {
                "Case": 0,
                "Rows": "23",
                "Size": "48KB",
                "USize": "49152"
            },
            "wp_usermeta": {
                "Case": 0,
                "Rows": "32",
                "Size": "48KB",
                "USize": "49152"
            },
            "wp_users": {
                "Case": 0,
                "Rows": "0",
                "Size": "64KB",
                "USize": "65536"
            },
            "wp_wc_admin_note_actions": {
                "Case": 0,
                "Rows": "93",
                "Size": "64KB",
                "USize": "65536"
            },
            "wp_wc_admin_notes": {
                "Case": 0,
                "Rows": "60",
                "Size": "64KB",
                "USize": "65536"
            },
            "wp_wc_category_lookup": {
                "Case": 0,
                "Rows": "0",
                "Size": "16KB",
                "USize": "16384"
            },
            "wp_wc_customer_lookup": {
                "Case": 0,
                "Rows": "0",
                "Size": "48KB",
                "USize": "49152"
            },
            "wp_wc_download_log": {
                "Case": 0,
                "Rows": "0",
                "Size": "48KB",
                "USize": "49152"
            },
            "wp_wc_order_addresses": {
                "Case": 0,
                "Rows": "0",
                "Size": "80KB",
                "USize": "81920"
            },
            "wp_wc_order_coupon_lookup": {
                "Case": 0,
                "Rows": "0",
                "Size": "48KB",
                "USize": "49152"
            },
            "wp_wc_order_operational_data": {
                "Case": 0,
                "Rows": "0",
                "Size": "48KB",
                "USize": "49152"
            },
            "wp_wc_order_product_lookup": {
                "Case": 0,
                "Rows": "0",
                "Size": "80KB",
                "USize": "81920"
            },
            "wp_wc_order_stats": {
                "Case": 0,
                "Rows": "0",
                "Size": "64KB",
                "USize": "65536"
            },
            "wp_wc_order_tax_lookup": {
                "Case": 0,
                "Rows": "0",
                "Size": "48KB",
                "USize": "49152"
            },
            "wp_wc_orders": {
                "Case": 0,
                "Rows": "0",
                "Size": "128KB",
                "USize": "131072"
            },
            "wp_wc_orders_meta": {
                "Case": 0,
                "Rows": "0",
                "Size": "48KB",
                "USize": "49152"
            },
            "wp_wc_product_attributes_lookup": {
                "Case": 0,
                "Rows": "0",
                "Size": "32KB",
                "USize": "32768"
            },
            "wp_wc_product_download_directories": {
                "Case": 0,
                "Rows": "2",
                "Size": "32KB",
                "USize": "32768"
            },
            "wp_wc_product_meta_lookup": {
                "Case": 0,
                "Rows": "15",
                "Size": "128KB",
                "USize": "131072"
            },
            "wp_wc_rate_limits": {
                "Case": 0,
                "Rows": "0",
                "Size": "32KB",
                "USize": "32768"
            },
            "wp_wc_reserved_stock": {
                "Case": 0,
                "Rows": "0",
                "Size": "16KB",
                "USize": "16384"
            },
            "wp_wc_tax_rate_classes": {
                "Case": 0,
                "Rows": "2",
                "Size": "32KB",
                "USize": "32768"
            },
            "wp_wc_webhooks": {
                "Case": 0,
                "Rows": "0",
                "Size": "32KB",
                "USize": "32768"
            },
            "wp_woocommerce_api_keys": {
                "Case": 0,
                "Rows": "0",
                "Size": "48KB",
                "USize": "49152"
            },
            "wp_woocommerce_attribute_taxonomies": {
                "Case": 0,
                "Rows": "0",
                "Size": "32KB",
                "USize": "32768"
            },
            "wp_woocommerce_downloadable_product_permissions": {
                "Case": 0,
                "Rows": "0",
                "Size": "80KB",
                "USize": "81920"
            },
            "wp_woocommerce_log": {
                "Case": 0,
                "Rows": "0",
                "Size": "32KB",
                "USize": "32768"
            },
            "wp_woocommerce_order_itemmeta": {
                "Case": 0,
                "Rows": "0",
                "Size": "48KB",
                "USize": "49152"
            },
            "wp_woocommerce_order_items": {
                "Case": 0,
                "Rows": "0",
                "Size": "32KB",
                "USize": "32768"
            },
            "wp_woocommerce_payment_tokenmeta": {
                "Case": 0,
                "Rows": "0",
                "Size": "48KB",
                "USize": "49152"
            },
            "wp_woocommerce_payment_tokens": {
                "Case": 0,
                "Rows": "0",
                "Size": "32KB",
                "USize": "32768"
            },
            "wp_woocommerce_sessions": {
                "Case": 0,
                "Rows": "0",
                "Size": "32KB",
                "USize": "32768"
            },
            "wp_woocommerce_shipping_zone_locations": {
                "Case": 0,
                "Rows": "0",
                "Size": "48KB",
                "USize": "49152"
            },
            "wp_woocommerce_shipping_zone_methods": {
                "Case": 0,
                "Rows": "0",
                "Size": "16KB",
                "USize": "16384"
            },
            "wp_woocommerce_shipping_zones": {
                "Case": 0,
                "Rows": "0",
                "Size": "16KB",
                "USize": "16384"
            },
            "wp_woocommerce_tax_rate_locations": {
                "Case": 0,
                "Rows": "0",
                "Size": "48KB",
                "USize": "49152"
            },
            "wp_woocommerce_tax_rates": {
                "Case": 0,
                "Rows": "0",
                "Size": "80KB",
                "USize": "81920"
            }
        },
        "RawSize": 16089088,
        "EasySize": "15.34MB"
    },
    "LL": {
        "TotalSize": "15.34MB",
        "Status": {
            "TotalSize": "Good"
        }
    }
}